<?xml version="1.0" encoding="UTF-8"?>
<suppressions xmlns="https://jeremylong.github.io/DependencyCheck/dependency-suppression.1.3.xsd">
   <suppress>
      <notes>false positive for spring-security.  should only apply in combination with spring 5.0.5  (see https://github.com/jeremylong/DependencyCheck/issues/1827)</notes>
	  <cve>CVE-2018-1258</cve>
   </suppress>
  <suppress>
    <notes>
      CVE-2016-1000027 affects: spring-web up to 5.3.20 (as of now) - https://nvd.nist.gov/vuln/detail/CVE-2016-1000027
      See: https://github.com/spring-projects/spring-framework/issues/24434
      This issue is in HTTPInvokerServiceExporter or RemoteInvocationSerializingExporter (which are already deprecated), so DO NOT USE them!
      See: https://docs.spring.io/spring-framework/docs/current/reference/html/integration.html#remoting-httpinvoker
    </notes>
    <cve>CVE-2016-1000027</cve>
  </suppress>
</suppressions>
