<?xml version="1.0"?>
<ruleset name="ybs-ruleset">
    <description>
        YBS Micro-service ruleset.
    </description>
    <exclude-pattern>.*/test/.*</exclude-pattern>
    <exclude-pattern>.*/generated/.*</exclude-pattern>
    <rule ref="category/java/errorprone.xml">
        <exclude name="BeanMembersShouldSerialize"/>
        <exclude name="DataflowAnomalyAnalysis"/>
        <exclude name="AvoidLiteralsInIfCondition"></exclude>
    </rule>
    <rule ref="category/java/errorprone.xml/BeanMembersShouldSerialize" >
	    <properties>
	       <property name="ignoredAnnotations" value="lombok.Data|lombok.Getter|lombok.Value|org.springframework.beans.factory.annotation.Autowired|org.springframework.beans.factory.annotation.Value" />
	        <property name="prefix" value="" />
	    </properties>
	  </rule>
   <rule ref="category/java/errorprone.xml/AvoidLiteralsInIfCondition">
   	    <properties>
          <property name="ignoreMagicNumbers" value="-1,0,1,2" />
        </properties>
   </rule>
</ruleset>
