<configuration>
	<!-- Pick up the spring boot defaults -->
	<include resource="org/springframework/boot/logging/logback/defaults.xml"/>

	<springProfile name="!text-logging">
		<!--
			Default json console logging for all deployed environments
			See https://github.com/logstash/logstash-logback-encoder for options
		-->
		<appender name="CONSOLE" class="ch.qos.logback.core.ConsoleAppender">
			<encoder class="net.logstash.logback.encoder.LogstashEncoder">
				<fieldNames class="net.logstash.logback.fieldnames.ShortenedFieldNames"/>
			</encoder>
		</appender>
	</springProfile>

	<springProfile name="text-logging">
		<!-- Plain text console logging (mostly used for local dev work) -->
		<include resource="org/springframework/boot/logging/logback/console-appender.xml" />
	</springProfile>

	<root level="INFO">
		<appender-ref ref="CONSOLE" />
	</root>
</configuration>