<?xml version="1.0" encoding="UTF-8"?>
<suppressions xmlns="https://jeremylong.github.io/DependencyCheck/dependency-suppression.1.3.xsd">
   <suppress>
      <notes>false positive for spring-security.  should only apply in combination with spring 5.0.5  (see https://github.com/jeremylong/DependencyCheck/issues/1827)</notes>
	  <cve>CVE-2018-1258</cve>
   </suppress>
    <suppress>
        <notes>false positive for spring-boot-starter-cache. Pure JVM dependency, but the CVE refers to Rust caching (see https://github.com/jeremylong/DependencyCheck/issues/3589)</notes>
        <cve>CVE-2020-36448</cve>
    </suppress>
</suppressions>
