<?xml version="1.0" encoding="UTF-8"?>
<suppressions xmlns="https://jeremylong.github.io/DependencyCheck/dependency-suppression.1.3.xsd">
  <!-- For docs, see: https://jeremylong.github.io/DependencyCheck/general/suppression.html -->
  <suppress>
    <notes>
      CVE-2018-1258 affects: spring-security 5.0.5.RELEASE - https://nvd.nist.gov/vuln/detail/CVE-2018-1258
      It seems to be a false positive? We're using >= 5.3.3.RELEASE
    </notes>
    <cve>CVE-2018-1258</cve>
  </suppress>
  <suppress>
    <notes>
      CVE-2020-7791 reason for high evaluation is a dotnet issue
    </notes>
    <cve>CVE-2020-7791</cve>
  </suppress>
  <suppress>
    <notes>This suppresses CVEs in checkstyle - which is not packaged into the jars</notes>
    <gav regex="true">com\.puppycrawl\.tools:checkstyle.*</gav>
    <vulnerabilityName regex="true">.*</vulnerabilityName>
  </suppress>
  <suppress>
    <notes>
      CVE-2016-1000027 affects: spring-web up to 5.3.20 (as of now) - https://nvd.nist.gov/vuln/detail/CVE-2016-1000027
      See: https://github.com/spring-projects/spring-framework/issues/24434
      This issue is in HTTPInvokerServiceExporter or RemoteInvocationSerializingExporter (which are already deprecated), so DO NOT USE them!
      See: https://docs.spring.io/spring-framework/docs/current/reference/html/integration.html#remoting-httpinvoker
    </notes>
    <cve>CVE-2016-1000027</cve>
  </suppress>
  <suppress>
    <notes>
      CVE-2022-33915 affects versions of the Amazon AWS Apache Log4j hotpatch package before log4j-cve-2021-44228-hotpatch-1.3.5
      The affected version in the json feed is identified as all versions upto the hotpatch, however this is a different format to the
      standard versioning, e.g: 2.17.2 (our current version), therefore this seems to be a false positive for us.
    </notes>
    <cve>CVE-2022-33915</cve>
  </suppress>
  <suppress>
    <notes>
      CVE-2022-31569 affects Python/Flask applications through it's improper use of send_file function thus allowing absolute path traversal.
      As we use Java/Spring Boot, we should supress this as a false positive.
      See: https://github.com/jeremylong/DependencyCheck/issues/4671
    </notes>
    <cve>CVE-2022-31569</cve>
  </suppress>
</suppressions>
