<?xml version="1.0" encoding="UTF-8"?>
<!DOCTYPE module PUBLIC "-//Puppy Crawl//DTD Check Configuration 1.3//EN" "http://www.puppycrawl.com/dtds/configuration_1_3.dtd">
<!--
    This configuration file was written by the eclipse-cs plugin configuration editor
-->
<!--
    Checkstyle-Configuration: Ybs Compliance for Checktyle 8.21
    Description: none
-->
<module name="Checker">
  <property name="severity" value="warning"/>
  <module name="SuppressWarningsFilter"/>
  <module name="TreeWalker">
    <module name="SuppressWarningsHolder"/>
    <module name="SuppressionCommentFilter">
      <property name="offCommentFormat" value="CHECKSTYLE\:JUNIT"/>
      <property name="onCommentFormat" value="CHECKSTYLE\:NOJUNIT"/>
      <property name="checkFormat" value="MagicNumber|JavadocMethod|FileLength"/>
      <metadata name="com.atlassw.tools.eclipse.checkstyle.customMessage" value="Junit checks"/>
      <metadata name="com.atlassw.tools.eclipse.checkstyle.comment" value="JUnit tests Turn off Magic Number an Javadoc Checking"/>
    </module>
    <module name="SuppressionCommentFilter">
      <property name="offCommentFormat" value="CHECKSTYLE\:MAGIC"/>
      <property name="onCommentFormat" value="CHECKSTYLE\:NOMAGIC"/>
      <property name="checkFormat" value="MagicNumber"/>
       <metadata name="com.atlassw.tools.eclipse.checkstyle.customMessage" value="Allow Magic Numbers"/>      
      <metadata name="com.atlassw.tools.eclipse.checkstyle.comment" value="Allow Magic Numbers"/>
    </module>
    <module name="SuppressionCommentFilter">
      <property name="offCommentFormat" value="CHECKSTYLE\:COMPLEX"/>
      <property name="onCommentFormat" value="CHECKSTYLE\:NOCOMPLEX"/>
      <property name="checkFormat" value="NPathComplexity"/>
      <metadata name="com.atlassw.tools.eclipse.checkstyle.customMessage" value="Allow Complex Expressions"/>
      <metadata name="com.atlassw.tools.eclipse.checkstyle.comment" value="Allow Complex Expressions"/>
    </module>
    <module name="SuppressionCommentFilter"/>
    <property name="tabWidth" value="4"/>
    <module name="Indentation">
			<property name="basicOffset" value="2"/>
			<property name="braceAdjustment" value="0"/>
			<property name="caseIndent" value="2"/>
			<property name="throwsIndent" value="4"/>
			<property name="lineWrappingIndentation" value="4"/>
			<property name="arrayInitIndent" value="2"/>
		</module>
    <module name="JavadocMethod">
      <property name="scope" value="package"/>
      <property name="logLoadErrors" value="true"/>
      <property name="suppressLoadErrors" value="true"/>
    </module>
    <module name="MissingJavadocMethodCheck"/>
    <module name="JavadocType">
      <property name="excludeScope" value="private"/>
      <property name="scope" value="package"/>
    </module>
    <module name="JavadocVariable">
      <property name="severity" value="ignore"/>
      <property name="scope" value="protected"/>
      <metadata name="net.sf.eclipsecs.core.lastEnabledSeverity" value="inherit"/>
    </module>
    <module name="JavadocStyle">
      <property name="scope" value="package"/>
    </module>
    <module name="ConstantName"/>
    <module name="LocalFinalVariableName"/>
    <module name="LocalVariableName"/>
    <module name="MemberName"/>
    <module name="MethodName"/>
    <module name="PackageName"/>
    <module name="ParameterName"/>
    <module name="StaticVariableName">
      <property name="format" value="^[a-z][a-zA-Z0-9]*$"/>
    </module>
    <module name="TypeName">
      <property name="format" value="^[A-Z][a-zA-Z0-9]*$|^[A-Z][a-zA-Z0-9]*_[A-Z][a-zA-Z0-9]*$"/>
    </module>
    <module name="AvoidStarImport"/>
    <module name="IllegalImport"/>
    <module name="RedundantImport"/>
    <module name="UnusedImports"/>
    <module name="LineLength">
      <property name="ignorePattern" value="@see"/>
      <property name="max" value="144"/>
    </module>
    <module name="MethodLength"/>
    <module name="ParameterNumber"/>
    <module name="EmptyForIteratorPad"/>
    <module name="MethodParamPad"/>
    <module name="NoWhitespaceAfter">
      <property name="tokens" value="BNOT,DEC,DOT,INC,LNOT,UNARY_MINUS,UNARY_PLUS"/>
    </module>
    <module name="NoWhitespaceBefore"/>
    <module name="OperatorWrap"/>
    <module name="ParenPad"/>
    <module name="TypecastParenPad">
      <property name="tokens" value="RPAREN,TYPECAST"/>
    </module>
    <module name="WhitespaceAfter"/>
    <module name="WhitespaceAround">
      <property name="tokens" value="ASSIGN,BAND,BAND_ASSIGN,BOR,BOR_ASSIGN,BSR,BSR_ASSIGN,BXOR,BXOR_ASSIGN,COLON,DIV,DIV_ASSIGN,EQUAL,GE,GT,LAND,LCURLY,LE,LITERAL_ASSERT,LITERAL_CATCH,LITERAL_DO,LITERAL_ELSE,LITERAL_FINALLY,LITERAL_FOR,LITERAL_IF,LITERAL_RETURN,LITERAL_SYNCHRONIZED,LITERAL_TRY,LITERAL_WHILE,LOR,LT,MINUS,MINUS_ASSIGN,MOD,MOD_ASSIGN,NOT_EQUAL,PLUS,PLUS_ASSIGN,QUESTION,RCURLY,SL,SLIST,SL_ASSIGN,SR,SR_ASSIGN,STAR,STAR_ASSIGN,LITERAL_ASSERT,TYPE_EXTENSION_AND"/>
    </module>
    <module name="ModifierOrder"/>
    <module name="RedundantModifier"/>
    <module name="AvoidNestedBlocks"/>
    <module name="EmptyBlock"/>
    <module name="LeftCurly"/>
    <module name="NeedBraces"/>
    <module name="RightCurly">
      <property name="option" value="alone"/>
    </module>
    <module name="AvoidInlineConditionals">
      <property name="severity" value="ignore"/>
      <metadata name="com.atlassw.tools.eclipse.checkstyle.customMessage" value="Check that this inline conditional adds to readability"/>
      <metadata name="com.atlassw.tools.eclipse.checkstyle.lastEnabledSeverity" value="info"/>
      <metadata name="com.atlassw.tools.eclipse.checkstyle.comment" value="Can aid readability in some circumstances"/>
      <metadata name="net.sf.eclipsecs.core.lastEnabledSeverity" value="inherit"/>
    </module>
    <module name="EmptyStatement"/>
    <module name="EqualsHashCode"/>
    <module name="HiddenField">
      <property name="tokens" value="VARIABLE_DEF"/>
    </module>
    <module name="IllegalInstantiation"/>
    <module name="InnerAssignment"/>
    <module name="MagicNumber"/>
    <module name="MissingSwitchDefault"/>
    <module name="SimplifyBooleanExpression"/>
    <module name="SimplifyBooleanReturn"/>
    <module name="DesignForExtension">
      <property name="severity" value="ignore"/>
      <metadata name="net.sf.eclipsecs.core.lastEnabledSeverity" value="inherit"/>
    </module>
    <module name="FinalClass"/>
    <module name="HideUtilityClassConstructor"/>
    <module name="InterfaceIsType"/>
    <module name="VisibilityModifier"/>
    <module name="ArrayTypeStyle"/>
    <module name="FinalParameters"/>
    <module name="TodoComment"/>
    <module name="UpperEll"/>
    <module name="BooleanExpressionComplexity">
      <property name="severity" value="ignore"/>
      <metadata name="net.sf.eclipsecs.core.lastEnabledSeverity" value="inherit"/>
    </module>
    <module name="NPathComplexity"/>
  </module>
  <module name="FileTabCharacter">
    <property name="severity" value="ignore"/>
    <metadata name="net.sf.eclipsecs.core.lastEnabledSeverity" value="inherit"/>
  </module>
  <module name="JavadocPackage">
    <property name="severity" value="ignore"/>
    <metadata name="net.sf.eclipsecs.core.lastEnabledSeverity" value="warning"/>
  </module>
  <module name="NewlineAtEndOfFile">
    <property name="severity" value="ignore"/>
    <metadata name="net.sf.eclipsecs.core.lastEnabledSeverity" value="inherit"/>
  </module>
  <module name="Translation"/>
  <module name="FileLength"/>
  <module name="FileTabCharacter">
    <property name="severity" value="ignore"/>
    <metadata name="net.sf.eclipsecs.core.lastEnabledSeverity" value="inherit"/>
  </module>
  <module name="RegexpSingleline">
    <property name="severity" value="ignore"/>
    <property name="format" value="\s+$"/>
    <property name="message" value="Line has trailing spaces."/>
    <metadata name="net.sf.eclipsecs.core.lastEnabledSeverity" value="inherit"/>
  </module>
  <module name="RegexpSingleline">
    <property name="severity" value="info"/>
    <property name="format" value="CHECKSTYLE\:COMPLEX"/>
    <property name="message" value="Complex method"/>
  </module>
  <module name="RegexpSingleline">
    <property name="severity" value="info"/>
    <property name="format" value="CHECKSTYLE\:OFF"/>
    <property name="message" value="Checkstyle turned off"/>
  </module>
  <module name="SuppressionFilter"/>
</module>
